{"google":"","note":"Don't delete this file! It's used internally to help with page regeneration.","tagline":"","name":"Github page","body":"# Welcome to my Github Page!\r\n\r\nMy Heroku Projects : Mostly PFWWR-41 assignments.\r\n\r\n1. [My First Rack App](http://warm-chamber-7208.herokuapp.com/)\r\n2. [Ruby assignment 8-1](http://enigmatic-crag-4127.herokuapp.com/)\r\n3. [Ruby assignment 9-1](http://adg-pftwwr-41-9-1.heroku.com/)\r\n4. [Ruby assignment 10-2](http://hidden-reaches-6205.herokuapp.com/)\r\n5. [Sinatra and Mongo](http://furious-sunrise-6893.herokuapp.com/)\r\n6. [Equation of Time Sinatra](http://equationoftime.herokuapp.com/)\r\n7. [Rails Tutorial demo app users](http://simple-planet-6337.herokuapp.com/users)\r\n8. [Rails Tutorial demo app microposts](http://simple-planet-6337.herokuapp.com/microposts)\r\n9. [Equation of Time Rails](http://simple-planet-6337.herokuapp.com/solar)\r\n10. [Julian Time](http://simple-planet-6337.herokuapp.com/time)\r\n11. [First web page assignment](http://calm-plains-9022.herokuapp.com/)\r\n12. [Second web page assignment](http://secret-dawn-6821.herokuapp.com/)\r\n13. [Using curl](http://morning-brook-2171.herokuapp.com/)\r\n14. [Intro to Sinatra](http://ancient-retreat-7397.herokuapp.com/)"}